split,threshold,precision,recall,f1,tp,fp,fn,tn
validação,0.18,0.6875,1.0,0.8148148148148148,11,5,0,7
teste,0.18,0.7692307692307693,0.8333333333333334,0.8,10,3,2,9
