Model,Precision,Recall
RandomForest,0.9411764705882353,0.9411764705882353
SVM,0.9375,0.8823529411764706
